user_id,name
1,Saman
2,Zahra
3,Aida
4,Amir
5,Narges
6,Zahra
7,Shahab
8,Arezo
9,Elham
10,Mobina
11,Shahab
12,Arezo
13,Hossein
14,Siamak
15,Shaghayegh
16,Saeed
17,Mehrdad
18,Mahtab
19,Siamak
20,Ali
21,Parvin
22,Paria
23,Majid
24,Shahrouz
25,Farhad
26,Paria
27,Saeed
28,Sara
29,Mehrdad
30,Mahsa
31,Mobina
32,Shahab
33,Narges
34,Behzad
35,Keyvan
36,Ali
37,Shahab
38,Soheila
39,Baran
40,Sina
41,Farhad
42,Niloufar
43,Mahtab
44,Rezvan
45,Shaghayegh
46,Kamran
47,Reza
48,Raha
49,Kamran
50,Alireza
51,Amir
52,Mahtab
53,Narges
54,Aida
55,Negar
56,Negar
57,Siamak
58,Zahra
59,Mobina
60,Negar
61,Shahab
62,Mostafa
63,Siamak
64,Fatemeh
65,Alireza
66,Farhad
67,Alireza
68,Marjan
69,Pezhman
70,Farhad
71,Shahrouz
72,Parisa
73,Mohammad
74,Majid
75,Reyhaneh
76,Pezhman
77,Farhad
78,Narges
79,Negin
80,Reza
81,Zahra
82,Aida
83,Fatemeh
84,Alireza
85,Mahsa
86,Arash
87,Paria
88,Shahab
89,Maryam
90,Behzad
91,Zahra
92,Mahtab
93,Fatemeh
94,Parisa
95,Farhad
96,Amir
97,Paria
98,Parvin
99,Siamak
100,Sara
